path,filename,size_bytes,sha256,url,video_id,title,duplicate_video_id,raw_transcript_suspect,is_text_readable
06_QUANTLENS_LAB\00_INBOX_REPORTS\3 Mayıs\2026-05-03_-JyH5PAJ4-Y_quantlens_nick_schmidt_weekly_character_change_intake.md,2026-05-03_-JyH5PAJ4-Y_quantlens_nick_schmidt_weekly_character_change_intake.md,20416,8389b115696a446c9b20015c70058ff429a27a0affb7839e14029400259dabfd,https://youtu.be/-JyH5PAJ4-Y?si=BqaSaOarsfJIutKk,-JyH5PAJ4-Y,I Stopped Trading So Much and My Profits Skyrocketed.md,NO,NO,YES
06_QUANTLENS_LAB\00_INBOX_REPORTS\3 Mayıs\2026-05-03_10pHBNVi4Jc_quantlens_gon_gajala_low_float_momentum_intake.md,2026-05-03_10pHBNVi4Jc_quantlens_gon_gajala_low_float_momentum_intake.md,24615,c9498fb88dcb72ab0caf0f1e4a668b1daa30af542202300722f82f19dfa7f10d,https://youtu.be/10pHBNVi4Jc?si=ohzwBJxkVCTKPpcX,10pHBNVi4Jc,The Trading Setups of the Record Breaking Trading Champion.md,NO,NO,YES
06_QUANTLENS_LAB\00_INBOX_REPORTS\3 Mayıs\2026-05-03_62OaP91Jz9k_quantlens_nick_schmidt_weekly_strategy_intake.md,2026-05-03_62OaP91Jz9k_quantlens_nick_schmidt_weekly_strategy_intake.md,20710,1dc3bdee2c569652bd261a300eeab71a5d556b8d9b808aa69e68a2717191dcd6,https://youtu.be/62OaP91Jz9k?si=PHn5ULWDuxyqjQ24,62OaP91Jz9k,120% Return A Simple Weekly Strategy Anyone Can Use.md,NO,NO,YES
06_QUANTLENS_LAB\00_INBOX_REPORTS\3 Mayıs\2026-05-03_9ZJK8175drM_quantlens_canslim_detailed_intake.md,2026-05-03_9ZJK8175drM_quantlens_canslim_detailed_intake.md,10719,18f0d6cd783ea9d7b853725f5c42f6555122c89589ac4dce1c0a4762ab342f33,https://youtu.be/9ZJK8175drM?si=QcTE0mdW00UzcL_B,9ZJK8175drM,2026-05-03_9ZJK8175drM_quantlens_canslim_detailed_intake,NO,NO,YES
06_QUANTLENS_LAB\00_INBOX_REPORTS\3 Mayıs\2026-05-03__QewlGLBaeA_quantlens_anthony_shi_cycle_aware_momentum_intake.md,2026-05-03__QewlGLBaeA_quantlens_anthony_shi_cycle_aware_momentum_intake.md,28347,3d40ed99815e58e294ebd40de317fdeb5a1c3f9c031d2355afe3db57246b8fe0,https://youtu.be/_QewlGLBaeA?si=ZoVcYdRIch1Lx_Df,_QewlGLBaeA,Trading Millions How I Finally Became a Profitable Swing Trader.md,NO,NO,YES
06_QUANTLENS_LAB\00_INBOX_REPORTS\3 Mayıs\2026-05-03_c7ZSb2wNcOc_quantlens_detailed_intake.md,2026-05-03_c7ZSb2wNcOc_quantlens_detailed_intake.md,18954,972489ad2a4ffed0ae8dd4aab837a7a59ca217747c9644ca2e6c5d0dbc9ac1f9,https://youtu.be/c7ZSb2wNcOc?si=qdou6ffSbBNhJw63,c7ZSb2wNcOc,2026-05-03_c7ZSb2wNcOc_quantlens_detailed_intake,NO,NO,YES
06_QUANTLENS_LAB\00_INBOX_REPORTS\3 Mayıs\2026-05-03_fYxSQvuwOQc_quantlens_oliver_kell_cycle_intake.md,2026-05-03_fYxSQvuwOQc_quantlens_oliver_kell_cycle_intake.md,11017,72eca8fb506988658f5fe6cd285d7e2aa2eca6e8d672bb8560ef65d2f7d29305,https://youtu.be/fYxSQvuwOQc?si=mZyENAdFJu8x7LKZ,fYxSQvuwOQc,2026-05-03_fYxSQvuwOQc_quantlens_oliver_kell_cycle_intake,NO,NO,YES
06_QUANTLENS_LAB\00_INBOX_REPORTS\3 Mayıs\2026-05-03_ivL6E6Lc6gM_quantlens_charles_harris_pullback_intake.md,2026-05-03_ivL6E6Lc6gM_quantlens_charles_harris_pullback_intake.md,21243,4353f0f4702f38166be0c1ec00007a2f38df2b058bd011d9dde52ecc269cffe7,https://youtu.be/ivL6E6Lc6gM?si=GNNGCxRmyNZYqNrJ,ivL6E6Lc6gM,a Hedge Fund Manager Reveals his Perfect Pullback Trading Setup.md,NO,NO,YES
06_QUANTLENS_LAB\00_INBOX_REPORTS\3 Mayıs\2026-05-03_KQRuUWSZvLE_quantlens_ryan_pierpont_process_intake.md,2026-05-03_KQRuUWSZvLE_quantlens_ryan_pierpont_process_intake.md,21313,8ce18d14a53e53cc1f4629240932d136466ebc014b3503ea4ddfd72223cdaa7d,https://youtu.be/KQRuUWSZvLE?si=50fVh__JlzLkqeb0,KQRuUWSZvLE,"""Ryan Pierpont — Process, Edge, Market Awareness and Trader Evolution""",NO,NO,YES
06_QUANTLENS_LAB\00_INBOX_REPORTS\3 Mayıs\2026-05-03_kTqKRi-j9kM_quantlens_linda_raschke_sell_rules_trade_management_intake.md,2026-05-03_kTqKRi-j9kM_quantlens_linda_raschke_sell_rules_trade_management_intake.md,22611,9a1c22d82d1c9ffb169f1451d5804f91e51ee4e4f345302055cb1e824d63303f,https://youtu.be/kTqKRi-j9kM?si=99GgO3p0M-b25wBA,kTqKRi-j9kM,The 5 Essential Sell Rules from a Market Wizard - Linda Bradford Raschke.md,NO,NO,YES
06_QUANTLENS_LAB\00_INBOX_REPORTS\3 Mayıs\2026-05-03_MnXQOt7_ZP0_quantlens_jim_roppel_ai_bull_market_intake_report.md,2026-05-03_MnXQOt7_ZP0_quantlens_jim_roppel_ai_bull_market_intake_report.md,21188,afe72844ad5890e7f9fc9764590da3987f0f2815a69b598210d3d58918dfb426,https://youtu.be/MnXQOt7_ZP0?si=OdvX4hI-qnjYMKZp,MnXQOt7_ZP0,+85% Return in 30 Days The AI Bull Market Can Change your Life Hedge Fund Manager,NO,NO,YES
06_QUANTLENS_LAB\00_INBOX_REPORTS\3 Mayıs\2026-05-03_Ne3X-l6W4CQ_quantlens_process_strategy_intake.md,2026-05-03_Ne3X-l6W4CQ_quantlens_process_strategy_intake.md,19091,74826d735480f023540d29ee94b30d7ed99588483c24aabfc3fc62368128903d,https://youtu.be/Ne3X-l6W4CQ?si=s2DVjxj3f45iUfgx,Ne3X-l6W4CQ,"""Process adherence, overtrading and behavior analytics playbook""",NO,NO,YES
06_QUANTLENS_LAB\00_INBOX_REPORTS\3 Mayıs\2026-05-03_NGyE4YIgGpU_quantlens_tito_adhikary_options_momentum_intake_report.md,2026-05-03_NGyE4YIgGpU_quantlens_tito_adhikary_options_momentum_intake_report.md,20360,1a66dad19c3ae268dac251a357e7d5b5352e3fe3af7ee834e13a78c4cfb21681,"https://youtu.be/NGyE4YIgGpU?si=gj_6ZcIyjUFAEGhk""",NGyE4YIgGpU,2026-05-03_NGyE4YIgGpU_quantlens_tito_adhikary_options_momentum_intake_report,NO,NO,YES
06_QUANTLENS_LAB\00_INBOX_REPORTS\3 Mayıs\2026-05-03_O0GpSPtmCuM_quantlens_stan_weinstein_stage_analysis_intake.md,2026-05-03_O0GpSPtmCuM_quantlens_stan_weinstein_stage_analysis_intake.md,22309,063fbc1d4b49d6dfe6348591b7166fb4ed270d0aa54e92e2391b34e8b9ca8a52,https://youtu.be/O0GpSPtmCuM?si=Ra7X5w149KdMksmj,O0GpSPtmCuM,Stage Analysis Warnings for Current Markets - Exclusive Interview with Stan Weinstein.md,NO,NO,YES
06_QUANTLENS_LAB\00_INBOX_REPORTS\3 Mayıs\2026-05-03_Tm0dkf8_giA_quantlens_vcp_breakout_intake_report.md,2026-05-03_Tm0dkf8_giA_quantlens_vcp_breakout_intake_report.md,14315,64f115f38347149dc790e018634a5e67170899deeed18bea9508285ac94afc25,https://youtu.be/Tm0dkf8_giA?si=KeJv1-D-_CbJU-FK,Tm0dkf8_giA,+50% in 20 Days - How to Trade Breakouts with The Volatility Contraction Pattern (VCP),NO,NO,YES
06_QUANTLENS_LAB\00_INBOX_REPORTS\3 Mayıs\2026-05-03_UmLa9FAlMgw_quantlens_brian_shannon_avwap_intake.md,2026-05-03_UmLa9FAlMgw_quantlens_brian_shannon_avwap_intake.md,22777,c8a64b06533d84781209c68731375ce457b5308ba1ef65b9960c4d79ad131029,https://youtu.be/UmLa9FAlMgw?si=bqyEc59JFMCVzcGH,UmLa9FAlMgw,"The AVWAP Trading Indicator Secrets and Setups Brian Shannon, CMT.md",NO,NO,YES
06_QUANTLENS_LAB\00_INBOX_REPORTS\3 Mayıs\2026-05-03_XNZ4f-b3ED8_quantlens_intake_indicator_audit.md,2026-05-03_XNZ4f-b3ED8_quantlens_intake_indicator_audit.md,19737,010f11f9bf759172ca7c1c38525ee7d61bbfb740bb873fdb596fcffab7039096,https://youtu.be/XNZ4f-b3ED8?si=SEFGjG-VyI49JxU-,XNZ4f-b3ED8,2026-05-03_XNZ4f-b3ED8_quantlens_intake_indicator_audit,NO,NO,YES
06_QUANTLENS_LAB\00_INBOX_REPORTS\3 Mayıs\INTAKE_001_Lot25-2fb-4_433_return_poker_player_full_time_trader.md,INTAKE_001_Lot25-2fb-4_433_return_poker_player_full_time_trader.md,15937,2e59aa0069fd38c1c00a04c1e8118f473008c8a3859ee09cee9845e924dc0ed4,https://youtu.be/Lot25-2fb-4?si=YHKVb3kJfybusO5o,Lot25-2fb-4,433% Return in 1 Year From Poker Player to Full Time Trader,NO,NO,YES
06_QUANTLENS_LAB\00_INBOX_REPORTS\3 Mayıs\INTAKE_002_oZH6_XRxtDc_pro_swing_trading_entry_tactics_ep3.md,INTAKE_002_oZH6_XRxtDc_pro_swing_trading_entry_tactics_ep3.md,24731,df1c7d78ec7af3162cb4f4d80ac8bc48931134ce14d3fe6ddefc8508ce9b6eeb,https://youtu.be/oZH6_XRxtDc?si=ar7mxK0F7O5fbnBZ,oZH6_XRxtDc,Pro Swing Trading Entry Tactics Ultimate Trading Guide Ep3,NO,NO,YES
06_QUANTLENS_LAB\00_INBOX_REPORTS\3 Mayıs\INTAKE_003_NwgJQyoUAaI_pro_swing_trading_setups_ep2.md,INTAKE_003_NwgJQyoUAaI_pro_swing_trading_setups_ep2.md,21068,6e324b5e2b672f7d5ce42b26857c5809f0864c7daf5cff4228490bb52f9b4e45,https://youtu.be/NwgJQyoUAaI?si=IuOBlOwf_231Oftz,NwgJQyoUAaI,Pro Swing Trading Setups For Consistent Gains Ultimate Trading Guide Ep 2,NO,NO,YES
06_QUANTLENS_LAB\00_INBOX_REPORTS\3 Mayıs\INTAKE_004_M_tD6X0CSOI_the_perfect_vcp_trading_setup_mark_minervini.md,INTAKE_004_M_tD6X0CSOI_the_perfect_vcp_trading_setup_mark_minervini.md,24599,da28a52239c9683a2cc0557e45ce0e2d3b32567356732fce0af5266a6104f1a7,https://youtu.be/M_tD6X0CSOI?si=7w03YALv0bHJJJUE,M_tD6X0CSOI,The Perfect VCP Trading Setup with Mark Minervini,NO,NO,YES
06_QUANTLENS_LAB\00_INBOX_REPORTS\3 Mayıs\INTAKE_005_jD4nynuWfEU_raschke_relative_strength_janus_factor.md,INTAKE_005_jD4nynuWfEU_raschke_relative_strength_janus_factor.md,28847,8dbc1ad2c04837cc55c25e90c0a630a69202436ccced2500e82a68f6ba00f50b,https://www.youtube.com/watch?v=jD4nynuWfEU,jD4nynuWfEU,The Reality of Relative Strength Based Trading with Linda Raschke,NO,NO,YES
06_QUANTLENS_LAB\00_INBOX_REPORTS\3 Mayıs\INTAKE_006_HAN1kymVbTc_ted_zhang_momentum_portfolio_manager.md,INTAKE_006_HAN1kymVbTc_ted_zhang_momentum_portfolio_manager.md,30966,1a7145afe456d875baa9ca29d4a7afdf59b60b68b9045f3c374b7d06172ec89e,https://youtu.be/HAN1kymVbTc?si=phH70Py9VkhrRlBA,HAN1kymVbTc,"Trading $30 Million at Age 25 - The Story of Ted Zhang, Momentum Portfolio Manager",NO,NO,YES
06_QUANTLENS_LAB\00_INBOX_REPORTS\3 Mayıs\INTAKE_2026-05-03_2f5VfmlU90U_charles_harris_trading_psychology.md,INTAKE_2026-05-03_2f5VfmlU90U_charles_harris_trading_psychology.md,22987,3585812cb59b54bcfb3dbe6981026d93ce06047f14997f5b07fb1184c95b5b92,https://youtu.be/2f5VfmlU90U?si=pNdZdVgF6KhoXP-v,2f5VfmlU90U,The Mind of a Trader — Insights on Trading Psychology and Overcoming Setbacks — Charles Harris,NO,NO,YES
06_QUANTLENS_LAB\00_INBOX_REPORTS\3 Mayıs\INTAKE_2026-05-03_4-IjRmw7SZI_tqqq_key_strategies.md,INTAKE_2026-05-03_4-IjRmw7SZI_tqqq_key_strategies.md,18798,7c452dc91e1c9469c68c19c7d73e7e95debd305468f1f977aa4f687504002ff4,https://www.youtube.com/watch?v=4-IjRmw7SZI,4-IjRmw7SZI,INTAKE_2026-05-03_4-IjRmw7SZI_tqqq_key_strategies,NO,NO,YES
06_QUANTLENS_LAB\00_INBOX_REPORTS\3 Mayıs\INTAKE_2026-05-03_6aOnCK1gv2w_chris_flanders_edge.md,INTAKE_2026-05-03_6aOnCK1gv2w_chris_flanders_edge.md,17925,0b6864ecd8d6c0e78117c2c76c6d728e142dc28ee2b4aec15aa5dc6ec76e34a9,https://www.youtube.com/watch?v=6aOnCK1gv2w,6aOnCK1gv2w,+1300% Return in 2 Years The Setups Rules Hard Won Lessons Behind Chris Flander's Edge,NO,NO,YES
06_QUANTLENS_LAB\00_INBOX_REPORTS\3 Mayıs\INTAKE_2026-05-03_6tnREqUJ1WY_trading_backtests_misleading.md,INTAKE_2026-05-03_6tnREqUJ1WY_trading_backtests_misleading.md,19845,f21f13cd1cc0575e0f7a23b911dad5a87c37c4e419575496d0e85ff9ff10bac1,https://www.youtube.com/watch?v=6tnREqUJ1WY,6tnREqUJ1WY,INTAKE_2026-05-03_6tnREqUJ1WY_trading_backtests_misleading,NO,NO,YES
06_QUANTLENS_LAB\00_INBOX_REPORTS\3 Mayıs\INTAKE_2026-05-03__AAX1ylNbIE_market_wizards_lessons.md,INTAKE_2026-05-03__AAX1ylNbIE_market_wizards_lessons.md,15124,3cfd2d492fcdf2840b75f56db4d58a36ded413caaac5149d69c521dee7a72ad1,https://youtu.be/_AAX1ylNbIE?si=GS5jQ8yvhFsDIQd1,_AAX1ylNbIE,INTAKE_2026-05-03__AAX1ylNbIE_market_wizards_lessons,NO,NO,YES
06_QUANTLENS_LAB\00_INBOX_REPORTS\3 Mayıs\INTAKE_2026-05-03_a4uJ3rHhbfA_anish_sikri_position_sizing.md,INTAKE_2026-05-03_a4uJ3rHhbfA_anish_sikri_position_sizing.md,21529,ad4dac2e352c171173575ff76826093c8fe004f86a1ff248d87e956d7c0a31c4,https://youtu.be/a4uJ3rHhbfA?si=hD9z9rji3O6XbMnj,a4uJ3rHhbfA,The Art of Position Sizing with Anish Sikri | US Investing Championship Top Contender,NO,NO,YES
06_QUANTLENS_LAB\00_INBOX_REPORTS\3 Mayıs\INTAKE_2026-05-03_aDRYV4mjlHA_vibha_jha_tqqq_swing_strategy.md,INTAKE_2026-05-03_aDRYV4mjlHA_vibha_jha_tqqq_swing_strategy.md,24423,459e628fbfd91a86ac9fe32141ec9a1a5933986138f9dcc6138cefa0f2b2e009,https://youtu.be/aDRYV4mjlHA?si=3rtey_IW5W7-U_XR,aDRYV4mjlHA,The Million Dollar TQQQ Swing Trading Strategy Vibha Jha,NO,NO,YES
06_QUANTLENS_LAB\00_INBOX_REPORTS\3 Mayıs\INTAKE_2026-05-03_C9Pvd9UD0jM_mark_minervini_progressive_exposure.md,INTAKE_2026-05-03_C9Pvd9UD0jM_mark_minervini_progressive_exposure.md,16215,edbf5a2560f259101c9181235ad6e5a1e4c77c1deceb987d5b3688ca2a168c2a,https://www.youtube.com/watch?v=C9Pvd9UD0jM,C9Pvd9UD0jM,Mark Minervini's #1 Risk Management Secret to Grow Your Trading Profit,NO,NO,YES
06_QUANTLENS_LAB\00_INBOX_REPORTS\3 Mayıs\INTAKE_2026-05-03_CtioOmc1Eig_charles_harris_trade_like_professional.md,INTAKE_2026-05-03_CtioOmc1Eig_charles_harris_trade_like_professional.md,20009,75010d76c96952583afcd2e5c478ac7025a5fcee34b17e5af429b08ee62a494e,https://youtu.be/CtioOmc1Eig?si=ISO4HKuamRbbh4ns,CtioOmc1Eig,Trade Like a Professional — Simple and Effective Trading Strategy with Charles Harris,NO,NO,YES
06_QUANTLENS_LAB\00_INBOX_REPORTS\3 Mayıs\INTAKE_2026-05-03_DPA35Gug3Y4_brian_lee_smallcap_mean_reversion_progressive_exposure.md,INTAKE_2026-05-03_DPA35Gug3Y4_brian_lee_smallcap_mean_reversion_progressive_exposure.md,22541,de24bc54004fc363aa63942b25902c02d2d03003ac2778b45f720aa1d1cb220f,https://youtu.be/DPA35Gug3Y4?si=tgHSwpjijUJECVZU,DPA35Gug3Y4,Gamer Trades $5k into over $1 Million with just a 30% Win Rate - Brian Lee Trades,NO,NO,YES
06_QUANTLENS_LAB\00_INBOX_REPORTS\3 Mayıs\INTAKE_2026-05-03_ElocJ-b_NTs_oliver_kell_10_principles.md,INTAKE_2026-05-03_ElocJ-b_NTs_oliver_kell_10_principles.md,16051,9ca8b7500ca0f7a574946cbfb16e5035d14790f59871060200313bb43e56a7ea,https://youtu.be/ElocJ-b_NTs?si=5HoHV7QnhLAqXNM1,ElocJ-b_NTs,The 10 Principles of Trading with Investing Champion Oliver Kell,NO,NO,YES
06_QUANTLENS_LAB\00_INBOX_REPORTS\3 Mayıs\INTAKE_2026-05-03_eWtY7uoJL_0_david_ryan_price_volume_discipline.md,INTAKE_2026-05-03_eWtY7uoJL_0_david_ryan_price_volume_discipline.md,21128,c08f797a0eccb9af565a7a74cd5208648241d34362d897159facbf239ae8396c,https://youtu.be/eWtY7uoJL_0?si=9_3CvT5T5e5HyILo,eWtY7uoJL_0,Trading The Battle With Yourself | Market Wizard David Ryan,NO,NO,YES
06_QUANTLENS_LAB\00_INBOX_REPORTS\3 Mayıs\INTAKE_2026-05-03_FiUGDA7eMyU_canslim_ross_haber.md,INTAKE_2026-05-03_FiUGDA7eMyU_canslim_ross_haber.md,17767,5a488f23ab589dc7b32f1d36af1df4bb981db61078fefa7a730bff504aaf3f1d,https://www.youtube.com/watch?v=FiUGDA7eMyU,FiUGDA7eMyU,CANSLIM Trading Strategy: Beat 99% of Investors Using This Simple Strategy,NO,NO,YES
06_QUANTLENS_LAB\00_INBOX_REPORTS\3 Mayıs\INTAKE_2026-05-03_FtAshnE3MwM_stan_weinstein_stage_analysis.md,INTAKE_2026-05-03_FtAshnE3MwM_stan_weinstein_stage_analysis.md,19486,3dd0b2fee9f8fa66c6deb86d7249e4e70b753172a83aae0ff37fd380413381e4,https://www.youtube.com/watch?v=FtAshnE3MwM,FtAshnE3MwM,INTAKE_2026-05-03_FtAshnE3MwM_stan_weinstein_stage_analysis,NO,NO,YES
06_QUANTLENS_LAB\00_INBOX_REPORTS\3 Mayıs\INTAKE_2026-05-03_GHZBv1W4-II_larry_williams.md,INTAKE_2026-05-03_GHZBv1W4-II_larry_williams.md,19256,c0c9397ce3ae13b776d8bab001313e411ec196527c4458dc6e946fa7f69ebca1,https://youtu.be/GHZBv1W4-II?si=de5dq3ybVKbtFD-b,GHZBv1W4-II,"11,300% Return in One Year Interview with Larry Williams",NO,NO,YES
06_QUANTLENS_LAB\00_INBOX_REPORTS\3 Mayıs\INTAKE_2026-05-03_jLioqyVlRkE_jim_roppel_200m_hedge_fund.md,INTAKE_2026-05-03_jLioqyVlRkE_jim_roppel_200m_hedge_fund.md,27644,8e7bce424102e718a05f0ac577d8950d65320ff37c472d9938e6e2be25e5d6a1,https://youtu.be/jLioqyVlRkE?si=HMyJ3lenMmbzZ0Tz,jLioqyVlRkE,From Blowing Up 3 Times to Managing a $200 Million Hedge Fund — Exclusive Interview with Jim Roppel,NO,NO,YES
06_QUANTLENS_LAB\00_INBOX_REPORTS\3 Mayıs\INTAKE_2026-05-03_kao-hhaQnig_andrew_connell_event_driven_value_area.md,INTAKE_2026-05-03_kao-hhaQnig_andrew_connell_event_driven_value_area.md,17705,fff3c7c269b2bb86eb461c9e7966ad68fe144d45f783839f6a535f7960d6c066,https://youtu.be/kao-hhaQnig?si=51-SAFaUAH9-AE6y,kao-hhaQnig,103% Return in 1 Year The Simple Event Driven Trading Setup,NO,NO,YES
06_QUANTLENS_LAB\00_INBOX_REPORTS\3 Mayıs\INTAKE_2026-05-03_lpjTNygfnzM_deepak_swing_trading_triple_digit_returns.md,INTAKE_2026-05-03_lpjTNygfnzM_deepak_swing_trading_triple_digit_returns.md,19113,d94dd49038a0abfdf548c9a449eac4cc14d131f58b58f6142afbf4e8a81bfd17,https://www.youtube.com/watch?v=lpjTNygfnzM,lpjTNygfnzM,153% Return in 1 Year - Simple Swing Trading Strategies for Achieving Triple Digit Returns,NO,NO,YES
06_QUANTLENS_LAB\00_INBOX_REPORTS\3 Mayıs\INTAKE_2026-05-03_lS9zbnLi1Gg_martin_luke_283_gain_swing_trader.md,INTAKE_2026-05-03_lS9zbnLi1Gg_martin_luke_283_gain_swing_trader.md,27127,168c828406a49d6393d6b9afab43d2eb24a90e857d90052dd57a7602b0b69170,https://youtu.be/lS9zbnLi1Gg?si=vmGqb0X_iM3tCvw9,lS9zbnLi1Gg,283% Gain in 1 Year - The Story of the 22-Year-Old Swing Trader,NO,NO,YES
06_QUANTLENS_LAB\00_INBOX_REPORTS\3 Mayıs\INTAKE_2026-05-03_lTiR1pc82EE_market_wizards_setups.md,INTAKE_2026-05-03_lTiR1pc82EE_market_wizards_setups.md,14188,68f3fec7cc2621d56809c995823979b3d5d0767bc7af61cb0feaaf828dc362a5,https://youtu.be/lTiR1pc82EE?si=mvvql0aCc1yj_UO0,lTiR1pc82EE,5 Simple & Effective Trading Setups of Market Wizards,NO,NO,YES
06_QUANTLENS_LAB\00_INBOX_REPORTS\3 Mayıs\INTAKE_2026-05-03_QzzKqmPcB3A_ultimate_trading_guide_ep.md,INTAKE_2026-05-03_QzzKqmPcB3A_ultimate_trading_guide_ep.md,16431,589fef5e1c94e2e262119f97a2a37912582af23507f50d8fc451e1f2a9961496,https://youtu.be/QzzKqmPcB3A?si=gJB9Tj18DU75ZM8Y,QzzKqmPcB3A,7 Steps to Beat the Market - Ultimate Trading Guide Ep,NO,NO,YES
06_QUANTLENS_LAB\00_INBOX_REPORTS\3 Mayıs\INTAKE_2026-05-03_R1sNTB2Vh7w_peter_brandt_48_years_trading_lessons.md,INTAKE_2026-05-03_R1sNTB2Vh7w_peter_brandt_48_years_trading_lessons.md,21317,a2d702f26e1a2d22115e1f25fe62844b4d4080b1768a6ffa3ce432458e5681c4,https://youtu.be/R1sNTB2Vh7w?si=XnkewkLqMeGAOqVg,R1sNTB2Vh7w,48 Years of Trading Lessons with Market Wizard Peter Brandt,NO,NO,YES
06_QUANTLENS_LAB\00_INBOX_REPORTS\3 Mayıs\INTAKE_2026-05-03_R215f4fj7V8_lance_breitstein_trend_trading.md,INTAKE_2026-05-03_R215f4fj7V8_lance_breitstein_trend_trading.md,21757,2574c2245589366e04c6f10af4915324220fd933a8977d106c1f123f3727b53f,https://youtu.be/R215f4fj7V8?si=L3wGYRC2vMT5Bjb_,R215f4fj7V8,The Simple Trading Setup That Made Lance Breitstein Millions,NO,NO,YES
06_QUANTLENS_LAB\00_INBOX_REPORTS\3 Mayıs\INTAKE_2026-05-03_rdmjsbDVuoU_high_tight_flag_leif_soreide.md,INTAKE_2026-05-03_rdmjsbDVuoU_high_tight_flag_leif_soreide.md,8004,593597793e4d86cea8204ce68eb3c7a5976accb08d0a0ef42bc8f595e34af786,https://youtu.be/rdmjsbDVuoU?si=8qhVw_nmLLRHolwf,rdmjsbDVuoU,INTAKE_2026-05-03_rdmjsbDVuoU_high_tight_flag_leif_soreide,NO,NO,YES
06_QUANTLENS_LAB\00_INBOX_REPORTS\3 Mayıs\INTAKE_2026-05-03_RTHRh_GLwH8_mark_ritchie_low_risk_breakout_pyramid.md,INTAKE_2026-05-03_RTHRh_GLwH8_mark_ritchie_low_risk_breakout_pyramid.md,14025,905f2719a554917172a1ad3b52b292108979335cb9473e04ea500ce8e749a9ce,https://youtu.be/RTHRh_GLwH8?si=NyxT_vvKDrHwMv64,RTHRh_GLwH8,INTAKE_2026-05-03_RTHRh_GLwH8_mark_ritchie_low_risk_breakout_pyramid,NO,NO,YES
06_QUANTLENS_LAB\00_INBOX_REPORTS\3 Mayıs\INTAKE_2026-05-03_tynE-pwE-1o_pradeep_bonde_process_beats_setups_NEEDS_TRANSCRIPT.md,INTAKE_2026-05-03_tynE-pwE-1o_pradeep_bonde_process_beats_setups_NEEDS_TRANSCRIPT.md,7706,28ec8d37b9a10f733a98907ff133bb3b77e73a96121d59048b3570bfc118f80a,https://youtu.be/tynE-pwE-1o?si=E0Q_en-H8CP_3QEG,tynE-pwE-1o,Why Process Beats Setups in Trading — Pradeep Bonde,NO,NO,YES
06_QUANTLENS_LAB\00_INBOX_REPORTS\3 Mayıs\INTAKE_2026-05-03_uh5bALsKkLg_mark_minervini_market_wizard.md,INTAKE_2026-05-03_uh5bALsKkLg_mark_minervini_market_wizard.md,17819,99670d96f8afde6712f7f4019339152e5c4ff7b9e62edb84bc742e76de9cc257,https://www.youtube.com/watch?v=uh5bALsKkLg,uh5bALsKkLg,INTAKE_2026-05-03_uh5bALsKkLg_mark_minervini_market_wizard,NO,NO,YES
06_QUANTLENS_LAB\00_INBOX_REPORTS\3 Mayıs\INTAKE_2026-05-03_UMgJ0P8fe0s_swing_vs_position_matt_petrolia.md,INTAKE_2026-05-03_UMgJ0P8fe0s_swing_vs_position_matt_petrolia.md,11767,8b464ae7b8e261f1b989b264e3219408c5fd4fb1bc4179798359b568d6c1fafd,https://www.youtube.com/watch?v=UMgJ0P8fe0s,UMgJ0P8fe0s,INTAKE_2026-05-03_UMgJ0P8fe0s_swing_vs_position_matt_petrolia,NO,NO,YES
06_QUANTLENS_LAB\00_INBOX_REPORTS\3 Mayıs\INTAKE_2026-05-03_zw96qkUn9_g_clement_ang_150pct_returns.md,INTAKE_2026-05-03_zw96qkUn9_g_clement_ang_150pct_returns.md,20251,6a53f86811c695e9db69f7f686a0859580cd039eecd4f9d34860df64aeebb2e0,https://www.youtube.com/watch?v=zw96qkUn9_g,zw96qkUn9_g,INTAKE_2026-05-03_zw96qkUn9_g_clement_ang_150pct_returns,NO,NO,YES
06_QUANTLENS_LAB\00_INBOX_REPORTS\3 Mayıs\QL_INTAKE_001_JS4_6gv0PpI_mark_minervini_vcp.md,QL_INTAKE_001_JS4_6gv0PpI_mark_minervini_vcp.md,12825,2fbd7dbd6240406b5f8fb87c6bc8424f8586965a4c012c024ee89fb8fbf1b2df,https://youtu.be/JS4_6gv0PpI?si=GdGc-i9bA1G9F8BS,JS4_6gv0PpI,"33,500% RETURN - Mark Minervini's VCP Setup that made him Millions",NO,NO,YES
06_QUANTLENS_LAB\00_INBOX_REPORTS\3 Mayıs\QL_INTAKE_002_XOul_ECgHyA_sean_ryan_swing_system.md,QL_INTAKE_002_XOul_ECgHyA_sean_ryan_swing_system.md,22169,dc86afe79f8e010cdfd2af38370623cf83b7d46836945d867c08195c7508bb88,https://youtu.be/XOul-ECgHyA?si=lGRJSk2sTxtqli3v,XOul-ECgHyA,100% Returns After Losing it all - Developing a Swing Trading System,NO,NO,YES
06_QUANTLENS_LAB\00_INBOX_REPORTS\3 Mayıs\QL_INTAKE_003_KWxhLIOchvY_leos_aggressive_swing_tactics.md,QL_INTAKE_003_KWxhLIOchvY_leos_aggressive_swing_tactics.md,26080,ca883183b2edd8cda82f57f201da640f09f8f8a5115f39e9fff8fa50d74f7be5,https://youtu.be/KWxhLIOchvY?si=d0XTJw2jmEY699x-,KWxhLIOchvY,409% Return in 1 Year Aggressive Swing Trading Tactics and Setups,NO,NO,YES
06_QUANTLENS_LAB\00_INBOX_REPORTS\3 Mayıs\QL_INTAKE_004_Nq_p7Bu1YT0_ariel_rs_leadergroup_swing.md,QL_INTAKE_004_Nq_p7Bu1YT0_ariel_rs_leadergroup_swing.md,25180,31213f04416ae7840cf530153f162373328b00911422462d31650e3db74e74b6,https://youtu.be/Nq-p7Bu1YT0?si=jA26J6RGZtMXyY4v,Nq-p7Bu1YT0,How A Day Trader Turned into a Super-Performance Swing Trader - Real Simple Ariel,NO,NO,YES
06_QUANTLENS_LAB\00_INBOX_REPORTS\3 Mayıs\QL_INTAKE_005_7UfHg8PpDZk_marios_three_setup_superperformance.md,QL_INTAKE_005_7UfHg8PpDZk_marios_three_setup_superperformance.md,24145,88ec023a8442a575626701b01d449d314139948e883f2a0e2470c642254215ac,https://youtu.be/7UfHg8PpDZk?si=0mLL1k1aOKmlfSS4,7UfHg8PpDZk,The 3 Powerful Trading Setups of a Top Super-performance Trader,NO,NO,YES
06_QUANTLENS_LAB\00_INBOX_REPORTS\3 Mayıs\QL_INTAKE_006_hVCcVRxaxJY_ajay_jani_sell_rules.md,QL_INTAKE_006_hVCcVRxaxJY_ajay_jani_sell_rules.md,22136,aadc2f55922e9ecb5d3bc672f6546e5b517a260da0a872e087f2cba740e2855f,https://www.youtube.com/watch?v=hVCcVRxaxJY,hVCcVRxaxJY,QL_INTAKE_006_hVCcVRxaxJY_ajay_jani_sell_rules,NO,NO,YES
06_QUANTLENS_LAB\00_INBOX_REPORTS\3 Mayıs\QL_INTAKE_007_qz7avJJvnyI_lance_breitstein_deep_work_playbook.md,QL_INTAKE_007_qz7avJJvnyI_lance_breitstein_deep_work_playbook.md,14781,f75e3dc4d53ff4e2218e6a200a1182dd672dae4bd228bf4a9e133cd7ec01ffd8,https://youtu.be/qz7avJJvnyI?si=2SrYXTRZGFXKyX3p,qz7avJJvnyI,"The TRUE Path to Trading Success from Lance Breitstein, Market Wizard",NO,NO,YES
06_QUANTLENS_LAB\00_INBOX_REPORTS\3 Mayıs\QL_INTAKE_008_UD7gipBWnuY_market_wizards_sell_rules.md,QL_INTAKE_008_UD7gipBWnuY_market_wizards_sell_rules.md,27088,d4dadd98223b52bdc97f12462d485deec1fecf5d72866924e01657e865279aae,https://www.youtube.com/watch?v=UD7gipBWnuY,UD7gipBWnuY,QL_INTAKE_008_UD7gipBWnuY_market_wizards_sell_rules,NO,NO,YES
06_QUANTLENS_LAB\00_INBOX_REPORTS\3 Mayıs\QUANTLENS_DAILY_EXTENSION_ANTI_CHASE_CRITICAL_REPORT.md,QUANTLENS_DAILY_EXTENSION_ANTI_CHASE_CRITICAL_REPORT.md,15988,016d6bbf02a23a78e098f25fbb08b3c015b99b7127ca9e7a531e613c7140e9aa,https://youtu.be/Yb5lMegA5Hs?si=_zP9cjzTaZN8vh4w,Yb5lMegA5Hs,QUANTLENS_DAILY_EXTENSION_ANTI_CHASE_CRITICAL_REPORT,NO,NO,YES
06_QUANTLENS_LAB\00_INBOX_REPORTS\3 Mayıs\QUANTLENS_EMA20_50_RETEST_CRITICAL_INTAKE_REPORT.md,QUANTLENS_EMA20_50_RETEST_CRITICAL_INTAKE_REPORT.md,10615,fc225e19010ccbacee68a35cfe3975dcb323d16201e4fba099d18ae76e04b1d2,https://youtu.be/RHlsVNSM8Aw?si=g54Kry_ryc8pYWPK,RHlsVNSM8Aw,QUANTLENS_EMA20_50_RETEST_CRITICAL_INTAKE_REPORT,NO,NO,YES
06_QUANTLENS_LAB\00_INBOX_REPORTS\3 Mayıs\QUANTLENS_MARTIN_LUKE_PULLBACK_INTAKE_REPORT.md,QUANTLENS_MARTIN_LUKE_PULLBACK_INTAKE_REPORT.md,18455,bfc3a795cde36953bb76a90c78726885666ef79b55a063e1a3df1eb4d8b877eb,https://youtu.be/VKNEJA5r8zw?si=XIbuUbrJNtP5wjop,VKNEJA5r8zw,QUANTLENS_MARTIN_LUKE_PULLBACK_INTAKE_REPORT,YES,NO,YES
06_QUANTLENS_LAB\00_INBOX_REPORTS\3 Mayıs\QUANTLENS_TY_RAJNUS_MICROCAP_SHORT_INTAKE_REPORT.md,QUANTLENS_TY_RAJNUS_MICROCAP_SHORT_INTAKE_REPORT.md,24231,43648c735b7f17bd2183b1b6cbb1b5f4fb77dbda54c44eea2f0eedf84a4537fd,https://youtu.be/bRXO6F_vGjM?si=N4P30T_3_i-IHPP4,bRXO6F_vGjM,QUANTLENS_TY_RAJNUS_MICROCAP_SHORT_INTAKE_REPORT,NO,NO,YES
06_QUANTLENS_LAB\00_INBOX_REPORTS\3 Mayıs\YT_DLlNDuOTUfQ_Intake_Report_2026-05-03.md,YT_DLlNDuOTUfQ_Intake_Report_2026-05-03.md,19296,3a874060b877c6b49a12351bd5790c8fe4ebb37b8f82d56aa598d7d43062d18b,https://youtu.be/DLlNDuOTUfQ?si=_eUc_moFLJqb-qm-,DLlNDuOTUfQ,YT_DLlNDuOTUfQ_Intake_Report_2026-05-03,NO,NO,YES
06_QUANTLENS_LAB\00_INBOX_REPORTS\3 Mayıs\YT_Eb9FkLNJLzs_Intake_Report_2026-05-03.md,YT_Eb9FkLNJLzs_Intake_Report_2026-05-03.md,19472,d861e9209191c2a7a79aee46565b77bb8fcfb95b58d01955ba782e825affee09,https://youtu.be/Eb9FkLNJLzs?si=0aQgV5pBPJoFFund,Eb9FkLNJLzs,YT_Eb9FkLNJLzs_Intake_Report_2026-05-03,NO,NO,YES
06_QUANTLENS_LAB\00_INBOX_REPORTS\3 Mayıs\YT_Jew-Algmi0k_Intake_Report_2026-05-03.md,YT_Jew-Algmi0k_Intake_Report_2026-05-03.md,24064,59856d544e468feb38d2254ee48867c4a45ba02924e5bcc7d42728c41c4ffa29,https://youtu.be/Jew-Algmi0k?si=HtYuBVZg6mN58Qt-,Jew-Algmi0k,YT_Jew-Algmi0k_Intake_Report_2026-05-03,NO,NO,YES
06_QUANTLENS_LAB\00_INBOX_REPORTS\3 Mayıs\YT_m8F3KkBDtC0_Intake_Report_2026-05-03.md,YT_m8F3KkBDtC0_Intake_Report_2026-05-03.md,17919,69e704a103413ac6e618ad33a8271c345751376086706a291fc20b29997d0652,https://www.youtube.com/watch?v=m8F3KkBDtC0,m8F3KkBDtC0,YT_m8F3KkBDtC0_Intake_Report_2026-05-03,NO,NO,YES
06_QUANTLENS_LAB\00_INBOX_REPORTS\3 Mayıs\YT_oPeTkxTnooA_Intake_Report_2026-05-03.md,YT_oPeTkxTnooA_Intake_Report_2026-05-03.md,19907,4084d8af4f6188dd4def6621af577d0fb5dfe14af2dbe77d877bee8f8b729bdb,https://youtu.be/oPeTkxTnooA?si=ZqwmMZiavzd-9h51,oPeTkxTnooA,YT_oPeTkxTnooA_Intake_Report_2026-05-03,NO,NO,YES
06_QUANTLENS_LAB\00_INBOX_REPORTS\3 Mayıs\YT_q43pkYBo1hU_Intake_Report_2026-05-03.md,YT_q43pkYBo1hU_Intake_Report_2026-05-03.md,17890,635c2ba410869b35fd90c5dedabfe7c16c255d9bdd2f391f0ad6036e0620f112,https://youtu.be/q43pkYBo1hU?si=JM_zb7YAWo5N2rls,q43pkYBo1hU,YT_q43pkYBo1hU_Intake_Report_2026-05-03,NO,NO,YES
06_QUANTLENS_LAB\00_INBOX_REPORTS\3 Mayıs\YT_q4TuaY-ccqA_Intake_Report_2026-05-03.md,YT_q4TuaY-ccqA_Intake_Report_2026-05-03.md,9494,bf68e763e273bd70636946c9ca6c8476cab9c5532a3768dd67057989d4decc8a,https://www.youtube.com/watch?v=q4TuaY-ccqA,q4TuaY-ccqA,FOMO is Ruining Your Trades Here's How to Fix It Trading Psychology,NO,NO,YES
06_QUANTLENS_LAB\00_INBOX_REPORTS\3 Mayıs\YT_UtNrp_Uz9Oc_Intake_Report_2026-05-03.md,YT_UtNrp_Uz9Oc_Intake_Report_2026-05-03.md,10059,fa0a74b9db6c11e9828387752873a2584a2716cd8eb1d89ce6c4964f8f6952ed,https://www.youtube.com/watch?v=UtNrp_Uz9Oc,UtNrp_Uz9Oc,YT_UtNrp_Uz9Oc_Intake_Report_2026-05-03,NO,NO,YES
06_QUANTLENS_LAB\00_INBOX_REPORTS\3 Mayıs\YT_VKNEJA5r8zw_Intake_Report_2026-05-03.md,YT_VKNEJA5r8zw_Intake_Report_2026-05-03.md,19462,1b9659d2760d010c6b3f6ddc325bbae5a526fa2618f04d672972315e93f6c4c2,https://youtu.be/VKNEJA5r8zw?si=292-FpdSVMBtGpva,VKNEJA5r8zw,YT_VKNEJA5r8zw_Intake_Report_2026-05-03,YES,NO,YES
06_QUANTLENS_LAB\00_INBOX_REPORTS\3 Mayıs\YT_ZK5cnVQ2V3Q_Intake_Report_2026-05-03.md,YT_ZK5cnVQ2V3Q_Intake_Report_2026-05-03.md,14796,0d66ed4e960948e5153f586cd9ab319e8f8d1ff31b347ac22e107e583fd306b5,https://www.youtube.com/watch?v=ZK5cnVQ2V3Q,ZK5cnVQ2V3Q,YT_ZK5cnVQ2V3Q_Intake_Report_2026-05-03,NO,NO,YES
